{"data":{"Year":[2000,2001,2002,2003,2004,2005,2006,2007,2008,2009,2010,2011,2012,2013,2014,2015,2016,2017,2018],"Value":[-7.0247933884,-6.2222222222,-2.3696682464,7.2815533981,10.8597285068,20.4081632653,20.3389830508,18.3098591549,23.8095238095,7.8846153846,4.6345811052,10.7325383305,9.0769230769,0.1410437236,2.5352112676,1.0989010989,-0.1358695652,5.306122449,1.6795865633]},"edges":[]}